,Encoding
81Y8237,0.0
81Y8349,0.0
95Y0510,0.0
95Y0512,0.0
ACX-MIC-16CHE1T1CE,0.0
ACX-MIC-6GE-CU-SFP,0.0
ACX-MIC4OC31OC12CE,0.0
ACX1000-DC,0.0
ACX1100-AC,0.0
ACX1100-DC,0.0
ACX2000-DC,0.0
ACX2100-AC,0.0
ACX2100-AC-BASE,0.0
ACX2100-DC,0.0
ACX2100-DC-BASE,0.0
ACX2200-AC,0.0
ACX2200-DC,0.0
ACX4000-2-6GE-AC,0.0
ACX4000-2-6GE-DC,0.0
ACX4000BASE-AC,0.0
ACX4000BASE-DC,0.0
ACX4K-FANTRAY-M-S,0.0
ACX500-AC,0.0
ACX500-DC,0.0
ACX500-O-AC,0.0
ACX500-O-DC,0.0
ACX500-O-POE-AC,0.0
ACX500-O-POE-DC,0.0
ACX5048-AC,0.0
ACX5048-DC,0.0
ACX5096-AC,0.0
ACX5096-DC,0.0
ACX5K-L-16X10GE-S,0.0
ACX5K-L-1X10GE-S,0.0
ACX5K-L-24X10GE-S,0.0
ACX5K-L-48X10GE-S,0.0
ACX5K-L-8X10GE-S,0.0
ACX5K-L-96X10GE-S,0.0
ACX5K-L-IPVPN,0.0
AS-MCC,0.0
AS-MSC-400GB,0.0
AS-MXC40-64G,0.0
AX411-SG,0.0
AX411-US,0.0
BASE-1440,0.0
BP1A01DA-UC-E,0.0
BP1A02DA-UC,0.0
BP1A03AA-SC,0.0
BP1A04BA-SC,0.0
BP1A05PB-UC,0.0
BP1A10AA-UC,0.0
BP1A10CC-SC,0.0
BP1A30AA,0.0
BP1A32BA-01,0.0
BP1A32BA-06,0.0
BP1A32BB-01,0.0
BP1A32CA-01,0.0
BP1A32CA-05,0.0
BP1A32CA-06,0.0
BP1A33BA,0.0
BP1A33BB,0.0
BP1A35AA,0.0
BP1A35AB,0.0
BP1A35AC,0.0
BP1A35AD,0.0
BP1A36AB-01,0.0
BP1A36AB-03,0.0
BP1A36AC-01,0.0
BP1A36AC-05,0.0
BP1A36AC-09,0.0
BP1A36AC-17,0.0
BP1A39BA,0.0
BP1A39CA,0.0
BP1A42AA,0.0
BP1A43AA,0.0
BP1A46AA,0.0
BP3AD3ES,0.0
BP3AD6SS,0.0
BP3AM1MS,0.0
BP3AM4CL-01,0.0
BP3AM4CL-02,0.0
BP3AM4CL-04,0.0
BP3AM4CL-05,0.0
BP3AM4DL-01,0.0
BP3AM4DL-02,0.0
BP3AM4DL-04,0.0
BP3AM4DL-05,0.0
BP3AM4DL-06,0.0
BP3AM4DL-18,0.0
BP3AM4LI,0.0
BP3AM4MS,0.0
BP3AM4TB-B01,0.0
BP3AM4TB-B02,0.0
BP3AM4TF,0.0
BP3AM5QB,0.0
BP3AM6DL-01,0.0
BP3AM6MS,0.0
BP3AM6TL,0.0
BP3AMCTL,0.0
BP3AMDLI,0.0
BT7A02AA,0.0
BT7A03AA,0.0
BT7A04AA,0.0
BT7A06CA,0.0
BT7A07AA,0.0
BT7A07AA-I02,0.0
BT7A07BA,0.0
BT7A07BA-I02,0.0
BT7A07CA,0.0
BT7A07CA-I02,0.0
BT7A12AA,0.0
BT7A12BA,0.0
BT7A12CA,0.0
BT7A12DA,0.0
BT7A12EA,0.0
BT7A12FA,0.0
BT7A12GA,0.0
BT7A12HA,0.0
BT7A12JA,0.0
BT7A12KA,0.0
BT7A13AA,0.0
BT7A13BA,0.0
BT7A20CA-10.3,0.0
BT7A20CA-10.4,0.0
BT7A20CA-11.2,0.0
BT7A20CA-11.3,0.0
BT7A20CA-12.1,0.0
BT7A20CA-12.1.3,0.0
BT7A20CA-12.2,0.0
BT7A20CA-13.1,0.0
BT7A20CA-13.2,0.0
BT7A20CA-7.2,0.0
BT7A20CA-7.3,0.0
BT7A20CA-9.2,0.0
BT7A20CA-9.3,0.0
BT7A37AA,0.0
BT7A37CA,0.0
BT7A39AA,0.0
BT7A39AB,0.0
BT7A39AP,0.0
BT7A39AS,0.0
BT7A47JA,0.0
BT7A47KA,0.0
BT7A48AA,0.0
BT7A48AA-I02,0.0
BT7A48BA,0.0
BT7A48BA-I02,0.0
BT7A49AA,0.0
BT7A49AA-E,0.0
BT7A49AA-I02,0.0
BT7A49AC,0.0
BT7A50AA,0.0
BT7A50AR,0.0
BT7A50BA,0.0
BT7A51AA,0.0
BT7A51AR,0.0
BT7A52DA,0.0
BT7A52EA,0.0
BT7A53BA,0.0
BT7A53BB,0.0
BT7A53EA,0.0
BT7A54BA,0.0
BT7A54BA-E,0.0
BT7A54EA,0.0
BT7A58AA,0.0
BT7A81AA,0.0
BT7A81BA,0.0
BT7A81CA,0.0
BT7A81GA,0.0
BT7A8L01,0.0
BT7B02AA,0.0
BT7B04NA,0.0
BT7B12DA,0.0
BT7B18AA,0.0
BT7B20AA,0.0
BT7C10AA,0.0
BT7C10CA,0.0
BT7C10DA,0.0
BT7C10EA,0.0
BT7C21AA,0.0
BT7C22AA,0.0
BT7C23AA,0.0
BT7C31AA,0.0
BT7D05AA-I02,0.0
BT7D05LX-02A,0.0
BT7D05LX-02B,0.0
BT7D05LX-04,0.0
BT7D21AA,0.0
BT7D21AA-I02,0.0
BT7D21LS,0.0
BT7D21LX-02,0.0
BT7D21LX-04,0.0
BT7D22AA-I02,0.0
BT7D22LX-04,0.0
BT7D22LX-12,0.0
BT7D61AA,0.0
BT7D62AA,0.0
BT7D63AA,0.0
BT8A78ACM1,0.0
BT8A78ACP2,0.0
BT8A78AMP1,0.0
BT8A78AMPP,0.0
BT8A78CAP1,0.0
BT8A78CAP2,0.0
BT8A78CFP1G,0.0
BT8A78CH1,0.0
BT8A78CH1-KIT1-AC,0.0
BT8A78CH1-KIT1-DC,0.0
BT8A78CH14,0.0
BT8A78CH14-AC,0.0
BT8A78CH14-KIT2,0.0
BT8A78CH14-KIT2-AC,0.0
BT8A78CH2-I02,0.0
BT8A78CH2-KIT3-AC,0.0
BT8A78CH2-KIT3-DC,0.0
BT8A78CH2-KIT4-AC,0.0
BT8A78CH2-KIT4-DC,0.0
BT8A78CMM1,0.0
BT8A78FAN2,0.0
BT8A78FAN3,0.0
BT8A78FAN5,0.0
BT8A78FAN9,0.0
BT8A78MD03,0.0
BT8A78PEM1-AC,0.0
BT8A78PEM1-DC,0.0
BT8A78PEM3-DC,0.0
BT8A78RDM2,0.0
BT8A78SFP12G,0.0
BT8A78UFM2,0.0
BT8A78UFM3,0.0
BT8A78UFM4,0.0
BT8A78UFM6-I02,0.0
BT8A78WPS4,0.0
BT8A96MD01,0.0
BT8A96MD01-I02,0.0
BT8A96MD02,0.0
BT8A96MD02-I02,0.0
CB-LCC-BB,0.0
CB-LCC-R,0.0
CB-LCC-S,0.0
CB-M-BB,0.0
CB-M-R,0.0
CB-M-S,0.0
CB-M120-BB,0.0
CB-M120-R,0.0
CB-M120-S,0.0
CB-PTX-BB,0.0
CB-PTX-R,0.0
CB-PTX-S,0.0
CB-SFF-PTX-BB,0.0
CB-SFF-PTX-R,0.0
CB-SFF-PTX-S,0.0
CB-T-BB,0.0
CB-T-R,0.0
CB-T-S,0.0
CB-TX-R,0.0
CB-TX-S,0.0
CB-TXP-BB,0.0
CB-TXP-S,0.0
CB2-PTX-BB,0.0
CB2-PTX-R,0.0
CB2-PTX-S,0.0
CBA750B,0.0
CBA850,0.0
CBA850LP3-EU,0.0
CBA850LPE-VZ,0.0
CBL-TXP-006M,0.0
CBL-TXP-010M,0.0
CBL-TXP-AOC-008M,0.0
CBL-TXP-AOC-010M,0.0
CBL-TXP-AOC-012M,0.0
CBL-TXP-AOC-015M,0.0
CBL-TXP-AOC-015MBB,0.0
CBL-TXP-AOC-020M,0.0
CBL-TXP-AOC-020MBB,0.0
CBL-TXP-AOC-030M,0.0
CBL-TXP-CXP-025MBB,0.0
CCG-PTX-BB,0.0
CCG-PTX-R,0.0
CFP-100GBASE-CHRT,0.0
CFP-100GBASE-ER4,0.0
CFP-100GBASE-LR4,0.0
CFP-100GBASE-SR10,0.0
CFP-100GBASE-ZR,0.0
CFP-GEN2-CGE-ER4,0.0
CFP2-100G-ER4-D,0.0
CFP2-100G-LR4-D,0.0
CFP2-100G-SR10-D,0.0
CFP2-100G-SR10-D3,0.0
CFP2-100GBASE-ER4,0.0
CFP2-100GBASE-LR4,0.0
CFP2-100GBASE-SR10,0.0
CHAS-ACX4000-S,0.0
CHAS-BP-M320-S,0.0
CHAS-BP-MX2010-BB,0.0
CHAS-BP-MX2010-S,0.0
CHAS-BP-MX2020-BB,0.0
CHAS-BP-MX2020-S,0.0
CHAS-BP-MX240-S,0.0
CHAS-BP-MX480-S,0.0
CHAS-BP-MX960-S,0.0
CHAS-BP-T1600-S,0.0
CHAS-BP-T4000-S,0.0
CHAS-BP-T640-S,0.0
CHAS-BP-TXP-S,0.0
CHAS-BP3-MX240-S,0.0
CHAS-BP3-MX480-S,0.0
CHAS-BP3-MX960-S,0.0
CHAS-MP-M10I-S,0.0
CHAS-MP-M120-S,0.0
CHAS-MP-M7I-1GE-S,0.0
CHAS-MP-M7I-2FE-S,0.0
CHAS-MP-PTX3000-S,0.0
CHAS-MP-PTX5000-S,0.0
CHAS-MP2-PTX5K-S,0.0
CHAS-MX10-T-S,0.0
CHAS-MX104-S,0.0
CHAS-MX2008-BB,0.0
CHAS-MX40-T-S,0.0
CHAS-MX5-T-BB,0.0
CHAS-MX5-T-S,0.0
CHAS-MX80-48T-S,0.0
CHAS-MX80-DOM-S,0.0
CHAS-MX80-P-DOM-S,0.0
CHAS-MX80-P-S,0.0
CHAS-MX80-S,0.0
CHAS-MX80-T-S,0.0
CIP-L-T640-S,0.0
CIP-TXP-BB,0.0
CRAFT-M120-S,0.0
CRAFT-M320-S,0.0
CRAFT-MX240-S,0.0
CRAFT-MX480-S,0.0
CRAFT-MX960-S,0.0
CRAFT-PTX5000-S,0.0
CRAFT-T-SERIES-S,0.0
CRAFT-T1600-S,0.0
CRAFT-T640-S,0.0
CRAFT-TXP-S,0.0
CTP-CLK-MAIN,0.0
CTP-FIBER-PMC,0.0
CTP150-AC,0.0
CTP150-DC,0.0
CTP150-FRU,0.0
CTP150-IM-SER,0.0
CTP150-IM-SER-MS,0.0
CTP150-IM-T1E1,0.0
CTP150-PWR-AC,0.0
CTP2000-IM-8P,0.0
CTP2000-IM-8P-MS,0.0
CTP2000-IM-8P-T1,0.0
CTP2000-IM-8P-T1E1,0.0
CTP2000-PRC-03-S,0.0
CTP2000-PRC-S,0.0
CTP2000-PWR-DC-R,0.0
CTP2000-PWR-R,0.0
CTP2000-RTC-S,0.0
CTP2008-AC-02,0.0
CTP2008-AC-03,0.0
CTP2008-BASE-ACFRU,0.0
CTP2008-DC-03,0.0
CTP2024-AC-02,0.0
CTP2024-AC-03,0.0
CTP2024-BASE-ACFRU,0.0
CTP2024-DC-03,0.0
CTP2024-FTRAY,0.0
CTP2056-AC-02,0.0
CTP2056-AC-03,0.0
CTP2056-BASE-ACFRU,0.0
CTP2056-DC-02,0.0
CTP2056-FTRAY,0.0
CX-MC200LE-VZ,0.0
CX111-3G-BRIDGE,0.0
CXP-100GBASE-SR10,0.0
CXP-TXP-3D,0.0
DPCE-R-20GE-2XGE,0.0
DPCE-R-2XGE-XFP,0.0
DPCE-R-40GE-SFP,0.0
DPCE-R-40GE-TX,0.0
DPCE-R-4XGE-XFP,0.0
DPCE-R-Q-20GE-2XGE,0.0
DPCE-R-Q-20GE-SFP,0.0
DPCE-R-Q-40GE-SFP,0.0
DPCE-R-Q-4XGE-XFP,0.0
DPCE-X-40GE-SFP,0.0
DPCE-X-40GE-TX,0.0
DPCE-X-4XGE-XFP,0.0
DPCE-X-Q-40GE-SFP,0.0
DPCE-X-Q-4XGE-XFP,0.0
ERX-10G2GECC-SRP,0.0
ERX-2GE-IOA,0.0
ERX-40G2GEC2-SRP,0.0
ERX-8GEHDE-IOA,0.0
ERX-FAN14-FRU,0.0
ERX-GE-MOD,0.0
ERX-GEFE256M-MOD,0.0
ERX-GIGESFP-IOA,0.0
ERX-HDE-MOD,0.0
ERX-O3O12A-MOD,0.0
ERX-OCXA256M-MOD,0.0
ERX-PDU-40-FRU,0.0
ERX-SERVICE-MOD,0.0
ES2-100G-SFM,0.0
ES2-100G-SRP,0.0
ES2-10GACS3-MOD,0.0
ES2-10GACS4-MOD,0.0
ES2-10GES2-IOA,0.0
ES2-10GUPS2-MOD,0.0
ES2-120FTRAY-FRU,0.0
ES2-120G-SRP,0.0
ES2-2OC12AS1-IOA,0.0
ES2-320G-SFM,0.0
ES2-320G-SRP,0.0
ES2-4GS1-MOD,0.0
ES2-8OC3AS1-IOA,0.0
ES2-BSLM12-SYS,0.0
ES2-CHE320-FRU,0.0
ES2-DCPDU-FRU,0.0
ES2-FANTRAY-FRU,0.0
ES2-GE4S1-IOA,0.0
ES2-GE8S1-IOA,0.0
ES2-REDUNDS1-IOA,0.0
ES2-SERVS1-IOA,0.0
ES2-SRP-IOA,0.0
EX-PS-ACXRE200-250,0.0
EX-PWR-190-DC,0.0
EX-PWR-320-AC,0.0
EX-PWR-600-AC,0.0
EX-PWR-930-AC,0.0
EX-PWR2-930-AC,0.0
EX-PWR3-930-AC,0.0
EX-QSFP40GEDAC50CM,0.0
EX-RPS-PWR,0.0
EX-SFP-10GE-DAC-1M,0.0
EX-SFP-10GE-DAC-3M,0.0
EX-SFP-10GE-DAC-5M,0.0
EX-SFP-10GE-DAC-7M,0.0
EX-SFP-10GE-ER,0.0
EX-SFP-10GE-LR,0.0
EX-SFP-10GE-LRM,0.0
EX-SFP-10GE-SR,0.0
EX-SFP-10GE-USR,0.0
EX-SFP-10GE-ZR,0.0
EX-SFP-1FE-FX,0.0
EX-SFP-1GE-LX,0.0
EX-SFP-1GE-SX,0.0
EX-SFP-1GE-T,0.0
EX-SFP-GE10KT13R14,0.0
EX-SFP-GE10KT14R13,0.0
EX-SFP-GE40KT13R15,0.0
EX-SFP-GE40KT15R13,0.0
EX-UM-2X4SFP,0.0
EX-UM-2X4SFP-M,0.0
EX-UM-2XFP,0.0
EX-UM-4SFP,0.0
EX-UM-4X4SFP,0.0
EX-UM-8X8SFP,0.0
EX-XFP-10GE-LR,0.0
EX-XFP-10GE-SR,0.0
EX-XRE200-AC,0.0
EX-XRE200-DC,0.0
EX2200-24P-4G,0.0
EX2200-24P-4G-TAA,0.0
EX2200-24T-4G,0.0
EX2200-24T-4G-DC,0.0
EX2200-24T-4G-TAA,0.0
EX2200-48P-4G,0.0
EX2200-48P-4G-TAA,0.0
EX2200-48T-4G,0.0
EX2200-48T-4G-TAA,0.0
EX2200-C-12P-2G,0.0
EX2200-C-12P2G-TAA,0.0
EX2200-C-12T-2G,0.0
EX2300-24MP,0.0
EX2300-24P,0.0
EX2300-24P-TAA,0.0
EX2300-24T,0.0
EX2300-24T-DC,0.0
EX2300-24T-TAA,0.0
EX2300-48MP,0.0
EX2300-48P,0.0
EX2300-48T,0.0
EX2300-C-12P,0.0
EX2300-C-12P-TAA,0.0
EX2300-C-12T,0.0
EX2300-C-12T-TAA,0.0
EX2300-VC,0.0
EX3200-24P,0.0
EX3200-24T,0.0
EX3200-24T-DC,0.0
EX3200-24T-TAA,0.0
EX3200-48P,0.0
EX3200-48T,0.0
EX3200-48T-DC,0.0
EX3200-FANTRAY,0.0
EX3300-24P,0.0
EX3300-24P-TAA,0.0
EX3300-24T,0.0
EX3300-24T-DC,0.0
EX3300-24T-DC-TAA,0.0
EX3300-24T-TAA,0.0
EX3300-48P,0.0
EX3300-48P-TAA,0.0
EX3300-48T,0.0
EX3300-48T-BF,0.0
EX3300-48T-BF-TAA,0.0
EX3300-48T-TAA,0.0
EX3400-24P,0.0
EX3400-24P-TAA,0.0
EX3400-24T,0.0
EX3400-24T-DC,0.0
EX3400-24T-TAA,0.0
EX3400-48P,0.0
EX3400-48P-TAA,0.0
EX3400-48T,0.0
EX3400-48T-AFI,0.0
EX3400-48T-AFI-TAA,0.0
EX3400-48T-TAA,0.0
EX3400-FAN-AFO,0.0
EX4200-24F,0.0
EX4200-24F-DC,0.0
EX4200-24F-DC-TAA,0.0
EX4200-24F-S,0.0
EX4200-24F-TAA,0.0
EX4200-24P,0.0
EX4200-24PX,0.0
EX4200-24PX-TAA,0.0
EX4200-24T,0.0
EX4200-24T-DC,0.0
EX4200-24T-TAA,0.0
EX4200-48P,0.0
EX4200-48P-TAA,0.0
EX4200-48PX,0.0
EX4200-48PX-AFL,0.0
EX4200-48PX-TAA,0.0
EX4200-48T,0.0
EX4200-48T-DC,0.0
EX4200-48T-S,0.0
EX4200-48T-TAA,0.0
EX4200-FANTRAY,0.0
EX4300-24P,0.0
EX4300-24P-S,0.0
EX4300-24P-TAA,0.0
EX4300-24T,0.0
EX4300-24T-S,0.0
EX4300-24T-TAA,0.0
EX4300-32F,0.0
EX4300-32F-DC,0.0
EX4300-32F-S,0.0
EX4300-32F-TAA,0.0
EX4300-48P,0.0
EX4300-48P-S,0.0
EX4300-48P-TAA,0.0
EX4300-48T,0.0
EX4300-48T-AFI,0.0
EX4300-48T-AFI-TAA,0.0
EX4300-48T-DC,0.0
EX4300-48T-DC-AFI,0.0
EX4300-48T-DC-TAA,0.0
EX4300-48T-S,0.0
EX4300-48T-TAA,0.0
EX4300-FAN,0.0
EX4300-FAN-AFI,0.0
EX4500-40F-BF-C,0.0
EX4500-40F-DC-C,0.0
EX4500-40F-FB-C,0.0
EX4500-40F-VC1-BF,0.0
EX4500-40F-VC1-DC,0.0
EX4500-40F-VC1-FB,0.0
EX4500-40FVC1-BF-T,0.0
EX4500-40FVC1-FB-T,0.0
EX4500-FANTRAY-BF,0.0
EX4500-FANTRAY-FB,0.0
EX4500-LB,0.0
EX4500-PWR1-AC-BF,0.0
EX4500-PWR1-AC-FB,0.0
EX4500-PWR1-DC,0.0
EX4500-UM-4XSFP,0.0
EX4500-VC1-128G,0.0
EX4550-32F-AFI,0.0
EX4550-32F-AFO,0.0
EX4550-32F-DC-AFI,0.0
EX4550-32F-DC-AFO,0.0
EX4550-32F-S,0.0
EX4550-32T-AFI,0.0
EX4550-32T-AFO,0.0
EX4550-32T-DC-AFI,0.0
EX4550-32T-DC-AFO,0.0
EX4550-EM-2QSFP,0.0
EX4550-EM-8XSFP,0.0
EX4550-EM-8XT,0.0
EX4550-FAN-MOD-AFI,0.0
EX4550-FAN-MOD-AFO,0.0
EX4550-VC1-128G,0.0
EX4550F-AFI-TAA,0.0
EX4550F-AFO-TAA,0.0
EX4550F-DC-AFO-TAA,0.0
EX4550T-AFO-TAA,0.0
EX4600-40F-AFI,0.0
EX4600-40F-AFI-T,0.0
EX4600-40F-AFO,0.0
EX4600-40F-AFO-T,0.0
EX4600-40F-DC-AFI,0.0
EX4600-40F-DC-AFO,0.0
EX4600-40F-S,0.0
EX4600-EM-8F,0.0
EX6200-48F,0.0
EX6200-48P,0.0
EX6200-48T,0.0
EX6200-PWR-AC2500,0.0
EX6200-PWR-AC5000,0.0
EX6200-SRE64-4XS,0.0
EX6210-CHAS,0.0
EX6210-FAN,0.0
EX6210-S64-96P-A25,0.0
EX6210-S64-96P-A50,0.0
EX6210-S64-96T-A25,0.0
EX8200-2XS-40P,0.0
EX8200-2XS-40T,0.0
EX8200-40XS,0.0
EX8200-40XS-ES,0.0
EX8200-48F,0.0
EX8200-48F-ES,0.0
EX8200-48PL,0.0
EX8200-48T,0.0
EX8200-48T-ES,0.0
EX8200-48T-TAA,0.0
EX8200-48TL,0.0
EX8200-8XS,0.0
EX8200-8XS-ES,0.0
EX8200-8XS-TAA,0.0
EX8200-PWR-AC2K,0.0
EX8200-PWR-AC3K,0.0
EX8200-PWR-DC2KR,0.0
EX8200-PWR-DC3KR,0.0
EX8208-BASE-AC,0.0
EX8208-CHAS-S,0.0
EX8208-FAN-S,0.0
EX8208-REDUND-AC,0.0
EX8208-SF320-S,0.0
EX8208-SRE320,0.0
EX8216-BASE-AC,0.0
EX8216-CHAS-S,0.0
EX8216-FAN-S,0.0
EX8216-RE320,0.0
EX8216-REDUND-DC,0.0
EX8216-SF320-S,0.0
EX9200-10XS-MIC,0.0
EX9200-12QS,0.0
EX9200-20F-MIC,0.0
EX9200-2C-8XS,0.0
EX9200-32XS,0.0
EX9200-40F,0.0
EX9200-40T,0.0
EX9200-40XS,0.0
EX9200-4QS,0.0
EX9200-6QS,0.0
EX9200-MPC,0.0
EX9200-RE,0.0
EX9200-RE2,0.0
EX9200-SF,0.0
EX9200-SF2,0.0
EX9204-BASE-AC,0.0
EX9204-BASE-AC-T,0.0
EX9204-BASE3A-AC,0.0
EX9204-BASE3B-AC,0.0
EX9204-CHAS-S,0.0
EX9204-CHAS3-S,0.0
EX9204-RED-AC-T,0.0
EX9204-RED3A-AC-T,0.0
EX9204-RED3B-AC,0.0
EX9204-REDUND-AC,0.0
EX9204-REDUND-DC,0.0
EX9204-REDUND3A-AC,0.0
EX9208-BASE-AC,0.0
EX9208-BASE-AC-T,0.0
EX9208-BASE3A-AC,0.0
EX9208-BASE3B-AC,0.0
EX9208-CHAS-S,0.0
EX9208-CHAS3-S,0.0
EX9208-RED-AC-T,0.0
EX9208-RED3A-AC-T,0.0
EX9208-RED3B-AC,0.0
EX9208-RED3B-DC,0.0
EX9208-REDUND-AC,0.0
EX9208-REDUND-DC,0.0
EX9208-REDUND3A-AC,0.0
EX9208-REDUND3A-DC,0.0
EX9214-BASE3-AC,0.0
EX9214-BASE3A-AC,0.0
EX9214-BASE3B-AC,0.0
EX9214-CHAS3-S,0.0
EX9214-RED3-AC-T,0.0
EX9214-RED3A-AC-T,0.0
EX9214-RED3B-AC,0.0
EX9214-RED3B-DC,0.0
EX9214-REDUND3-AC,0.0
EX9214-REDUND3-DC,0.0
EX9214-REDUND3A-AC,0.0
EX9214-REDUND3A-DC,0.0
EX9251-8X4C,0.0
FAN-PTX-H-BB,0.0
FAN-PTX-V-BB,0.0
FAN-PTX-V-S,0.0
FAN-R-TXP-3D-LCC-S,0.0
FAN-REAR-TXP-LCC-S,0.0
FAN-SFF-PTX-BB,0.0
FAN-SFF-PTX-S,0.0
FAN-T-FBOT-BB,0.0
FAN-T-FBOT-S,0.0
FAN-T-FTOP-BB,0.0
FAN-T-FTOP-S,0.0
FAN3-PTX-H-BB,0.0
FAN3-PTX-H-S,0.0
FANTRAY-MX104-BB,0.0
FANTRAY-MX104-S,0.0
FANTRAY-MX80-BB,0.0
FANTRAY-MX80-S,0.0
FANTRAY-T4000-BB,0.0
FANTRAY-T4000-S,0.0
FANTRAY-TXP-H-S,0.0
FANTRAY-TXP-V-S,0.0
FC9686AL11,0.0
FC9686AM11,0.0
FC9686C422-I03,0.0
FC9686C431,0.0
FC9686CBSC,0.0
FC9686ESI2,0.0
FC9686FAN5-I02,0.0
FC9686FAN5-I03,0.0
FC9686IS06,0.0
FC9686M410-I03,0.0
FC9686M431,0.0
FC9686MC11-I02,0.0
FC9686MD41-I02,0.0
FC9686MD51,0.0
FC9686MP21-I02,0.0
FC9686MP81-I02,0.0
FC9686MP81-I03,0.0
FC9686MP81-I04,0.0
FC9686MS01,0.0
FC9686MS02,0.0
FC9686MSI2-I02,0.0
FC9686MSSR,0.0
FC9686MX01,0.0
FC9686MX02,0.0
FC9686MX03,0.0
FC9686MX08,0.0
FC9686MX99,0.0
FC9686MXC4,0.0
FC9686O105,0.0
FC9686OCD1-I02,0.0
FC9686PS8A,0.0
FC9686PSAA,0.0
FC9686PSCA,0.0
FC9686SCP3-I02,0.0
FC9686SCP3-I03,0.0
FC9686SHL2,0.0
FC9686SHL3,0.0
FC9686SPS2,0.0
FC9686WM21-I02,0.0
FC9686WR21,0.0
FC9696E4G1,0.0
FE-8_I/O,0.0
FEB-M10I-M7I-BB,0.0
FEB-M10I-M7I-E-BB,0.0
FEB-M10I-M7I-E-R,0.0
FEB-M10I-M7I-E-S,0.0
FEB-M10I-M7I-S,0.0
FEB-M120,0.0
FEB-M7I-BB,0.0
FEB-M7I-E-BB,0.0
FEB-M7I-SVCS-BB,0.0
FFANTRAY-M320-S,0.0
FFANTRAY-MX960-BB,0.0
FFANTRAY-MX960-S,0.0
FPC-PTX-P1-A,0.0
FPC-SFF-PTX-P1-A,0.0
FPC-SFF-PTX-T,0.0
FPC2-PTX-P1A,0.0
FPC3-PTX-U2,0.0
FPC3-PTX-U3,0.0
FPC3-SFF-PTX-U1,0.0
HCM-M10I-S,0.0
HVG9R,0.0
IDP250,0.0
IDP800,0.0
IDP8200,0.0
J-4350-JB,0.0
J-4350-JB-DC,0.0
J-4350-JB-N-TAA,0.0
J-4350-JB-SC,0.0
J-6350-JB,0.0
J-6350-JB-DC,0.0
J-6350-JB-N-TAA,0.0
J2320-JB-SC,0.0
J2320-JB-SC-TAA,0.0
J2320-JH,0.0
J2350-JB-SC,0.0
J2350-JB-SC-DC,0.0
J2350-JH,0.0
J3500-L-A-1250E,0.0
J3500-T-A-1250E,0.0
J3500-T-A-1E25KF,0.0
J3500-T-A-25KF,0.0
J3500-T-A-EP-1250E,0.0
J3500-T-HA,0.0
J5500-L-A-2500E,0.0
J5500-L-EP-2500E-T,0.0
J5500-T-A-2KE100KF,0.0
J5500-T-A-EP-10KE,0.0
J5500-T-A-EP-2500E,0.0
J7500-T-A-EP-10KE,0.0
JA-C3000-A-BSE,0.0
JA-C5000-A-BSE,0.0
JA2500-A-BSE,0.0
JAPAW-10K,0.0
JAPAW-VPN-20,0.0
JATP700-AC-ALL,0.0
JNP-100G-AOC-1M,0.0
JNP-100G-AOC-30M,0.0
JNP-100G-AOC-7M,0.0
JNP-40G-AOC-20M,0.0
JNP-40G-AOC-3M,0.0
JNP-40G-SR4-4PACK,0.0
JNP-FAN-3RU-BB,0.0
JNP-MIC1,0.0
JNP-PWR1100-DC-BB,0.0
JNP-PWR1600-AC,0.0
JNP-QSFP-100G-CWDM,0.0
JNP-QSFP-100G-LR4,0.0
JNP-QSFP-100G-PSM4,0.0
JNP-QSFP-100G-SR4,0.0
JNP-QSFP-40G-LR4,0.0
JNP-QSFP-40G-LX4,0.0
JNP-QSFP-40GE-ER4,0.0
JNP-QSFP-40GE-IR4,0.0
JNP-QSFP-4X10GE-LR,0.0
JNP-QSFP-DAC-10MA,0.0
JNP-QSFP-DAC-5M,0.0
JNP-QSFP-DACBO-5MA,0.0
JNP10003-LC2103,0.0
JNP10003-RE1-BB,0.0
JNP10008-CHAS-BB,0.0
JNP10008-FAN-BB,0.0
JNP10008-SF-BB,0.0
JNP10K-LC1101,0.0
JNP10K-LC1102,0.0
JNP10K-LC1104,0.0
JNP10K-PWR-DC-BB,0.0
JNP10K-RE0,0.0
JNP10K-RE0-BB,0.0
JNP204-CHAS-BB,0.0
JNS-AF-10G,0.0
JNS-AF-400G,0.0
JNS-GNF-EXT,0.0
JPC-10K,0.0
JPC-VPN-20,0.0
JPSU-1100-AC-AFO,0.0
JPSU-150-AC-AFI,0.0
JPSU-150-AC-AFO,0.0
JPSU-1600W-AC-AFO,0.0
JPSU-1600W-DC-AFO,0.0
JPSU-350-AC-AFI,0.0
JPSU-350-AC-AFO,0.0
JPSU-400W-AC,0.0
JPSU-550-DC-AFO,0.0
JPSU-600-AC-AFO,0.0
JPSU-650W-AC-AFI,0.0
JPSU-650W-AC-AFO,0.0
JPSU-650W-AC-AO-BB,0.0
JPSU-650W-DC-AFI,0.0
JPSU-650W-DC-AFO,0.0
JPSU-715-AC-AFO,0.0
JPSU-850W-AC-AFI,0.0
JPSU-850W-AC-AFO,0.0
JPSU-850W-DC-AFO,0.0
JPSU-920-AC-AFO,0.0
JSA-ADD-DEV-10K,0.0
JSA-ADD-DEV-1K,0.0
JSA-ADD-DEV-50,0.0
JSA-ADD-DEV-500,0.0
JSA1500-BSE,0.0
JSA3500-BSE,0.0
JSA3800-5800-HDD,0.0
JSA3800-BSE,0.0
JSA5500-BSE,0.0
JSA5800-BSE,0.0
JSA5800-DC-PS,0.0
JSA7500-BSE,0.0
JSA7800-BSE,0.0
JSU-SSD-MLC-120,0.0
JSUB-10K,0.0
JSUB-20GBPS,0.0
JSUB-URLF-20,0.0
JSUB-VPN-20,0.0
JV-L-100E-B,0.0
JV-L-300E,0.0
JV-SF-EC,0.0
JV-T-100E-10KF-B,0.0
JV-T-20KF,0.0
JV-T-300E,0.0
JV-T-CON-B,0.0
JV-T-EP-100E-B,0.0
JV-T-EP-300E,0.0
JV-T-FP-10KF-B,0.0
JV-T-FP-20KF,0.0
JX-2CT1E1-RJ45-S,0.0
JX-2E1-RJ48-S,0.0
JX-2T1-RJ48-S,0.0
JX-SFP-1GE-LX,0.0
JX-SFP-1GE-SX,0.0
JXM-1ADSL2-A-S,0.0
JXM-1SERIAL-S,0.0
JXU-16GE-TX-S,0.0
JXU-1SFP-S,0.0
JXU-6GE-SFP-S,0.0
JXU-8GE-TX-S,0.0
LN1000-CC,0.0
LN1000-V,0.0
LN2600-DC48-8SFP,0.0
M-PB-1CHOC48-STM16,0.0
M-PB-1OC12-STM4SFP,0.0
M-PB-2CHOC3-IQESFP,0.0
M-PB-4OC3-4OC12SON,0.0
M-PB-8GE-T2SFPIQ2E,0.0
M-PB10CHE1IQERJ48,0.0
M-PB1CHOC12IQESFP,0.0
M-PB1CHSTM1SMIRQPP,0.0
M-PB4CHDS3E3IQEBNC,0.0
M-PB4GETYP1SFPIQ2E,0.0
M-PB4GETYPE1SFPIQ2,0.0
M-PB4OC3STM1IQESFP,0.0
M-PB8GETYPE2SFPIQ2,0.0
M-PC-1XGE-T3XFPIQ2,0.0
M-PC-1XGET3XFPIQ2E,0.0
M-PC-8GE-T3-SFPIQ2,0.0
M-PE-10CHE1IQERJ48,0.0
M-PE-4GE-T1SFPIQ2E,0.0
M-PE1CHSTM1SMIRQPP,0.0
M-PE4GE-T1-SFP-IQ2,0.0
M-RE-A-1K-2048WW-S,0.0
M-RE-A2K4096HDWW-S,0.0
M-REA-2K-4096-U-BB,0.0
M-REA-2K-4096-WW-S,0.0
M-REA-800X2-8GWW-S,0.0
M-REA1800X216GU-BB,0.0
M-REA1800X216GWW-S,0.0
M-REA20004096HD-BB,0.0
M-REB1800X1-4GWW-S,0.0
M10IBASE-AC,0.0
M10IBASE-DC,0.0
M10IE-AC-RE1800-B,0.0
M10IE-DC-RE1800-B,0.0
M10IM7I-FEB-256-BB,0.0
M120-CFPC-1XGE-XFP,0.0
M120-FPC1,0.0
M120-FPC2,0.0
M120-FPC3,0.0
M120BASE-AC,0.0
M120BASE-DC,0.0
M320-FPC1,0.0
M320-FPC1-E3,0.0
M320-FPC2-E3,0.0
M320-FPC3-E2,0.0
M320-FPC3-E3,0.0
M320BASE,0.0
M320BASE-DC,0.0
M7I-AC-5GE-P,0.0
M7I-FEB-SVC-MS-E-S,0.0
M7I-FEB-SVC-MSE-BB,0.0
M7IBASE-AC-1GE,0.0
M7IBASE-AC-2FETX,0.0
M7IBASE-DC-1GE,0.0
M7IBASE-DC-2FETX,0.0
M7IE-AC5GEMS-800-B,0.0
M7IE-DCRE18001GE-B,0.0
M7IE-DCRE18002FETB,0.0
MC400LP3-EU-ARC,0.0
MIC-3D-1OC192-XFP,0.0
MIC-3D-20GE-SFP,0.0
MIC-3D-20GE-SFP-E,0.0
MIC-3D-20GE-SFP-EH,0.0
MIC-3D-2XGE-XFP,0.0
MIC-3D-40GE-TX,0.0
MIC-3D-4XGE-XFP,0.0
MIC-3D-8DS3-E3,0.0
MIC-8COC3-4COC12-G,0.0
MIC-MRATE,0.0
MIC3-100G-DWDM,0.0
MIC3-3D-10XGE-SFPP,0.0
MIC6-100G-CFP2,0.0
MIC6-10G,0.0
MIC6-10G-OTN,0.0
MPC-3D-16XGE-SFPP,0.0
MPC2E-3D-NG,0.0
MPC2E-3D-NG-Q,0.0
MPC3E-3D-NG,0.0
MPC3E-3D-NG-Q,0.0
MPC4E-3D-2CGE-8XGE,0.0
MPC4E-3D-32XGE-R-B,0.0
MPC5E-100G10G,0.0
MPC5E-40G10G,0.0
MPC5EQ-100G10G,0.0
MPC5EQ-40G10G,0.0
MPC7E-10G,0.0
MPC7E-10G-RTU,0.0
MPC7E-10G-SX,0.0
MPC7E-MRATE,0.0
MPC7E-MRATE-RTU,0.0
MS-DPC,0.0
MS-MIC-16G,0.0
MS-MPC-128G,0.0
MS-MPC-128G-BB,0.0
MS-MPC-128G-SX,0.0
MTP-4LC-M1M,0.0
MTP-4LC-S3M,0.0
MWS1000,0.0
MX-CFP-2G-100GBLR4,0.0
MX-FPC2,0.0
MX-FPC3,0.0
MX-MIC3D16CHE1T1CE,0.0
MX-MPC1-3D,0.0
MX-MPC1-3D-Q,0.0
MX-MPC1E-3D,0.0
MX-MPC1E-3D-Q,0.0
MX-MPC2-3D,0.0
MX-MPC2-3D-EQ,0.0
MX-MPC2-3D-Q,0.0
MX-MPC2E-3D,0.0
MX-MPC2E-3D-EQ,0.0
MX-MPC2E-3D-P,0.0
MX-MPC2E-3D-Q,0.0
MX-MPC3D16XGEADV-R,0.0
MX-MPC3E-3D,0.0
MX-NAT-IN-CHAS,0.0
MX-S-ACCTJFLOWCHAS,0.0
MX10-T-AC,0.0
MX10-T-DC,0.0
MX10003-BASE,0.0
MX10003-PREMIUM,0.0
MX104-40G-AC-BNDL,0.0
MX104-40G-DC-BNDL,0.0
MX104-80G-AC-BNDL,0.0
MX104-80G-DC-BNDL,0.0
MX104-AC,0.0
MX104-DC,0.0
MX104-MX5-AC,0.0
MX104-MX5-DC,0.0
MX104-PREM-AC-BNDL,0.0
MX104-PREM-DC-BNDL,0.0
MX104-PREM-T,0.0
MX104-T,0.0
MX10BASE-T,0.0
MX150,0.0
MX2000-FANTRAY-BB,0.0
MX2000-FANTRAY-S,0.0
MX2000-LC-ADAPTER,0.0
MX2000-PDM-ACWYE-S,0.0
MX2000-PDM-DC-BB,0.0
MX2000-PDM-DC-S,0.0
MX2000-PDMACDELTAR,0.0
MX2000-PDMACDELTAS,0.0
MX2000-PDMACDELTBB,0.0
MX2000-PDMACWYE-BB,0.0
MX2000-PSM-AC-BB,0.0
MX2000-PSM-AC-R,0.0
MX2000-PSM-AC-S,0.0
MX2000-PSM-DC-BB,0.0
MX2000-PSM-DC-S,0.0
MX2000-SFB-BB,0.0
MX2000-SFB-R,0.0
MX2000-SFB-S,0.0
MX2000-SFB2-BB,0.0
MX2000-SFB2-S,0.0
MX2008-PREMIUM,0.0
MX2008-SFB2-BB,0.0
MX2010-BASE-AC,0.0
MX2010-BASE-DC,0.0
MX2010-CRAFT-S,0.0
MX2010-PREMIUM-AC,0.0
MX2010-PREMIUM-DC,0.0
MX2010-PREMIUM2-AC,0.0
MX2010-PREMIUM2-DC,0.0
MX2020-BASE-AC,0.0
MX2020-CRAFT-S,0.0
MX2020-PREMIUM-AC,0.0
MX2020-PREMIUM-DC,0.0
MX2020-PREMIUM2-AC,0.0
MX2020-PREMIUM2-DC,0.0
MX204,0.0
MX204-IR,0.0
MX204-R,0.0
MX240-AC-SVCMPC-B,0.0
MX240-FFTRAY-HC-BB,0.0
MX240-FFTRAY-HC-S,0.0
MX240-PREM2-AC-LOW,0.0
MX240-PREM2-ACHIGH,0.0
MX240-PREM3-AC,0.0
MX240-PREM3-DC,0.0
MX240-PREMIUM2-DC,0.0
MX240-PREMIUM3-ACH,0.0
MX240-PREMIUM3-ACL,0.0
MX240-PREMIUM3-DC,0.0
MX240-RR-AC-B,0.0
MX240-RR-DC-B,0.0
MX240-SERVPREM3-AC,0.0
MX240BASE-AC-HIGH,0.0
MX240BASE-AC-LOW,0.0
MX240BASE-DC,0.0
MX240BASE3-ACH,0.0
MX240BASE3-ACL,0.0
MX240BASE3-DC,0.0
MX2K-FANTRAY-OP-BB,0.0
MX2K-MPC6E,0.0
MX2K-MPC8E,0.0
MX2K-MPC9E,0.0
MX2K-MPC9E-RTU,0.0
MX2K-PDM-AC-1PH-BB,0.0
MX2K-PDM-OP-AC-BB,0.0
MX2K-PDM-OP-DC-BB,0.0
MX40-T-AC,0.0
MX40-T-DC,0.0
MX40BASE-T,0.0
MX480-FFTRAY-HC-S,0.0
MX480-PREM3-AC,0.0
MX480-PREM3-DC,0.0
MX480-PREMIUM2-AC,0.0
MX480-PREMIUM2-DC,0.0
MX480-PREMIUM3-AC,0.0
MX480-PREMIUM3-DC,0.0
MX480-PWR1200-AC-R,0.0
MX480-PWR1200-AC-S,0.0
MX480-PWR1200AC-BB,0.0
MX480-PWR1600-DC-R,0.0
MX480-PWR1600-DC-S,0.0
MX480-PWR1600DC-BB,0.0
MX480-PWR2400-DC-R,0.0
MX480-PWR2400-DC-S,0.0
MX480-PWR2400DC-BB,0.0
MX480-PWR2520-AC-R,0.0
MX480-PWR2520-AC-S,0.0
MX480-PWR2520AC-BB,0.0
MX480-SERVPREM3-AC,0.0
MX480-SERVPREM3-DC,0.0
MX480BASE-AC,0.0
MX480BASE-DC,0.0
MX480BASE3-AC,0.0
MX480BASE3-DC,0.0
MX5-T-AC,0.0
MX5-T-DC,0.0
MX5BASE-T,0.0
MX80-48T-AC,0.0
MX80-48T-AC-B,0.0
MX80-48T-DC,0.0
MX80-48T-DC-B,0.0
MX80-AC,0.0
MX80-AC-B,0.0
MX80-DC,0.0
MX80-DC-B,0.0
MX80-P-AC,0.0
MX80-P-DC,0.0
MX80-T-AC,0.0
MX80-T-DC,0.0
MX80BASE-P,0.0
MX80BASE-T,0.0
MX960-CH-BP-ECM-S,0.0
MX960-CH-BP3ECM-S,0.0
MX960-FFTRAY-HC-BB,0.0
MX960-FFTRAY-HC-S,0.0
MX960-PREM2-AC-ECM,0.0
MX960-PREM3-AC-ECM,0.0
MX960-PREM3-DC-ECM,0.0
MX960-PREM3AC-ECM,0.0
MX960-PREM3DC-ECM,0.0
MX960-PREMIUM2-AC,0.0
MX960-PREMIUM2-DC,0.0
MX960-PREMIUM3-AC,0.0
MX960-PREMIUM3-DC,0.0
MX960-PWR4100-AC-R,0.0
MX960-PWR4100-AC-S,0.0
MX960-PWR4100-DC-R,0.0
MX960-PWR4100-DC-S,0.0
MX960-PWR4100AC-BB,0.0
MX960-PWR4100DC-BB,0.0
MX960-SERVPREM3-AC,0.0
MX960-SERVPREM3-DC,0.0
MX960BASE-AC,0.0
MX960BASE-DC,0.0
MX960BASE-DC-ECM,0.0
MX960BASE3-AC,0.0
MX960BASE3-AC-ECM,0.0
MX960BASE3-DC,0.0
MX960BASE3-DC-ECM,0.0
MXMC3D8OC32OC12ATM,0.0
MXMIC33D1X100GECFP,0.0
MXMIC33D2X40GEQSFP,0.0
MXMIC3D16CHE1T1CEH,0.0
MXMIC3D4CHOC32CHOC,0.0
MXMIC3D4COC31COC12,0.0
MXMIC3D4OC3OC121OC,0.0
MXMIC3D8CHOC34CHOC,0.0
MXMIC3D8OC3OC124OC,0.0
MXMPC4E3D2CGE8XGEB,0.0
MXMPC4E3D32XGESFPP,0.0
NFX150-C-S1,0.0
NFX150-C-S1E-AE,0.0
NFX150-S1E,0.0
NFX250-ATT-LS1,0.0
NFX250-ATT-S1,0.0
NFX250-ATT-S2,0.0
NFX250-LS1,0.0
NFX250-S1,0.0
NFX250-S1E,0.0
NFX250-S2,0.0
NFX250-SEC,0.0
NFX250-SECE,0.0
NS-5000-2XGE,0.0
NS-5000-2XGE-G4,0.0
NS-5000-8G2,0.0
NS-5000-8G2-G4,0.0
NS-5000-8G2-G4-TX,0.0
NS-5000-8G2-TX,0.0
NS-5000-MGT2,0.0
NS-5000-MGT3,0.0
NS-5200,0.0
NS-5200-CHA,0.0
NS-5200-PWR-AC,0.0
NS-5200-PWR-DC,0.0
NS-5400,0.0
NS-5400-CHA,0.0
NS-5400-FAN,0.0
NS-5400-PWR-AC,0.0
NS-5400-PWR-DC,0.0
NS-ISG-1000,0.0
NS-ISG-1000-DC,0.0
NS-ISG-1000-IKT,0.0
NS-ISG-1000-PWR-AC,0.0
NS-ISG-1000-SK1,0.0
NS-ISG-1000B,0.0
NS-ISG-1XG,0.0
NS-ISG-2000,0.0
NS-ISG-2000-DC,0.0
NS-ISG-2000-IDP-AC,0.0
NS-ISG-2000-IKT,0.0
NS-ISG-2000-SK1,0.0
NS-ISG-2000B,0.0
NS-ISG-2000B-SK1,0.0
NS-ISG-2K-PWR-AC2,0.0
NS-ISG-2K-PWR-DC2,0.0
NS-ISG-FE4,0.0
NS-ISG-FE8,0.0
NS-ISG-LX4,0.0
NS-ISG-SEC,0.0
NS-ISG-SX2,0.0
NS-ISG-SX4,0.0
NS-ISG-TX2,0.0
NS-ISG-TX4,0.0
NS-SM-5,0.0
NS-SM-A2-BSE,0.0
NS-SM-A2-HA,0.0
NS-SM-ADD-100D,0.0
NS-SM-ADD-25D,0.0
NS-SM-ADD-500D,0.0
NS-SM-ADD-50D,0.0
NS-SM-S-BSE,0.0
NS-SM-XL-A-BSE,0.0
NS-SM-XL-B-BSE,0.0
NS-SYS-GBIC-MXLR,0.0
NS-SYS-GBIC-MXSR,0.0
OC12-SM_I/O,0.0
OC3-4LH-I/O,0.0
OC3-4MM_I/O,0.0
OC3-4SM_I/O,0.0
OC3/OC12-ATM,0.0
OC3/OC12-POS,0.0
OCX1100-48SX-AFI,0.0
OCX1100-48SX-AFO,0.0
P1-PTX-2-100G-WDM,0.0
P1-PTX-2-100GE-CFP,0.0
P1-PTX-2-40GE-CFP,0.0
P2-100GE-CFP2,0.0
P2-100GE-OTN,0.0
P2-10G-40G-QSFPP,0.0
P3-10-U-QSFP28,0.0
P3-15-U-QSFP28,0.0
P3-24-U-QSFP28,0.0
PB-1GE-SFP,0.0
PB-1GE-SFP-QPP,0.0
PB-1OC12-SON-SFP,0.0
PB-1OC48-SON-B-SFP,0.0
PB-2GE-SFP-QPP,0.0
PB-2OC12-ATM2-SMIR,0.0
PB-2OC3-ATM2-SMIR,0.0
PB-4CHDS3-QPP,0.0
PB-4DS3-E3-IQE-BNC,0.0
PB-4E3-QPP,0.0
PB-4FE-TX,0.0
PB-4GE-SFP,0.0
PB-GGSN3,0.0
PB-MS-100-1,0.0
PB-MS-400-2,0.0
PC-10GE-SFP,0.0
PC-1OC192-SON-VSR,0.0
PC-1OC192-SON-XFP,0.0
PC-1XGE-XENPAK,0.0
PC-4OC48-SON-SFP,0.0
PC-MS-500-3,0.0
PD-1CE-CFP-FPC4,0.0
PD-1OC768-SON-SR,0.0
PD-1XLE-CFP,0.0
PD-4OC192-SON-XFP,0.0
PD-4XGE-XFP,0.0
PD-5-10XGE-SFPP,0.0
PDU-PTX-AC-W-R,0.0
PDU-PTX-DC-120-BB,0.0
PDU-PTX-DC-120-R,0.0
PDU2-PTX-AC-D-BB,0.0
PDU2-PTX-AC-D-R,0.0
PDU2-PTX-AC-SP-BB,0.0
PDU2-PTX-AC-SP-R,0.0
PDU2-PTX-AC-SP-S,0.0
PDU2-PTX-AC-W-BB,0.0
PDU2-PTX-AC-W-R,0.0
PDU2-PTX-AC-W-S,0.0
PDU2-PTX-DC-BB,0.0
PDU2-PTX-DC-R,0.0
PDU2-PTX-DC-S,0.0
PE-1GE-SFP,0.0
PE-2OC3-ATM2-SMIR,0.0
PE-4CHDS3-QPP,0.0
PE-4FE-TX,0.0
PE-MS-100-1,0.0
PF-12XGE-SFPP,0.0
PF-1CGE-CFP,0.0
PF-24XGE-SFPP,0.0
PL7120SCP3R0822A,0.0
PL7120SCP3R0934A,0.0
PL7120SCP3R1110A,0.0
PL7120SCP3R1210A,0.0
PSM-PTX-AC-BB,0.0
PSM-PTX-AC-R,0.0
PSM-PTX-AC-S,0.0
PSM-PTX-DC-120-BB,0.0
PSM-PTX-DC-120-R,0.0
PSM-PTX-DC-60-R,0.0
PSM-SFF-PTX-AC-BB,0.0
PSM-SFF-PTX-AC-R,0.0
PSM-SFF-PTX-AC-S,0.0
PSM-SFF-PTX-DC-BB,0.0
PSM-SFF-PTX-DC-R,0.0
PSM-SFF-PTX-DC-S,0.0
PSM2-PTX-AC-BB,0.0
PSM2-PTX-AC-R,0.0
PSM2-PTX-AC-S,0.0
PSM2-PTX-DC-BB,0.0
PSM2-PTX-DC-S,0.0
PTX-5-100G-WDM,0.0
PTX-ILA-M-AC,0.0
PTX-IPLC-B-32,0.0
PTX-P1-24-10GESFPP,0.0
PTX-P1-24-10GWSFPP,0.0
PTX1000-18Q-AC,0.0
PTX1000-18Q-AC-L,0.0
PTX1000-18Q-DC,0.0
PTX1000-18Q-DC-L,0.0
PTX1000-72Q-AC,0.0
PTX1000-72Q-CHAS-S,0.0
PTX1000-72Q-DC,0.0
PTX1000-FAN-S,0.0
PTX10008-PREMIUM,0.0
PTX10016-PREMIUM,0.0
PTX1K-18Q-AC,0.0
PTX1K-18Q-DC,0.0
PTX1K-36Q-AC,0.0
PTX1K-36Q-DC,0.0
PTX1K-72Q-AC,0.0
PTX1K-72Q-DC,0.0
PTX3000BASE,0.0
PTX5000BASE,0.0
PTX5000BASE2,0.0
PWR-ACX4000-AC-S,0.0
PWR-ACX4000-DC-S,0.0
PWR-M-2000-I-DC-S,0.0
PWR-M-AC-BB,0.0
PWR-M-AC-R,0.0
PWR-M-AC-S,0.0
PWR-M-DC-BB,0.0
PWR-M-DC-R,0.0
PWR-M-DC-S,0.0
PWR-M10I-M7I-AC-BB,0.0
PWR-M10I-M7I-AC-R,0.0
PWR-M10I-M7I-AC-S,0.0
PWR-M10I-M7I-DC-BB,0.0
PWR-M10I-M7I-DC-R,0.0
PWR-M120-AC-R,0.0
PWR-M120-AC-S,0.0
PWR-M120-DC-R,0.0
PWR-M120-DC-S,0.0
PWR-MX104-AC-BB,0.0
PWR-MX104-AC-R,0.0
PWR-MX104-AC-S,0.0
PWR-MX104-DC-BB,0.0
PWR-MX104-DC-R,0.0
PWR-MX104-DC-S,0.0
PWR-MX80-AC-BB,0.0
PWR-MX80-AC-S,0.0
PWR-MX80-DC-BB,0.0
PWR-MX80-DC-S,0.0
PWR-MX960-AC-BB,0.0
PWR-MX960-AC-R,0.0
PWR-MX960-AC-S,0.0
PWR-MX960-DC-BB,0.0
PWR-MX960-DC-R,0.0
PWR-MX960-DC-S,0.0
PWR-T-6-60-DC-BB,0.0
PWR-T-6-60-DC-S,0.0
PWR-T320-DC-S,0.0
PWR-TXP-7-60-DC-S,0.0
QFX-EM-4Q,0.0
QFX-JSL-DRCTR-ADV1,0.0
QFX-JSL-EDGE-ADV1,0.0
QFX-JSL-EDGE-FC,0.0
QFX-PFA-4Q,0.0
QFX-QSFP-40G-ESR4,0.0
QFX-QSFP-40G-SR4,0.0
QFX-QSFP-DAC-1M,0.0
QFX-QSFP-DAC-3M,0.0
QFX-QSFP-DACBO-3M,0.0
QFX-SFP-10GE-ER,0.0
QFX-SFP-10GE-LR,0.0
QFX-SFP-10GE-SR,0.0
QFX-SFP-10GE-USR,0.0
QFX-SFP-1GE-LX,0.0
QFX-SFP-1GE-SX,0.0
QFX-SFP-1GE-T,0.0
QFX-SFP-DAC-10MA,0.0
QFX-SFP-DAC-3M,0.0
QFX-SFP-DAC-3MA,0.0
QFX-SFP-DAC-5MA,0.0
QFX10000-30C,0.0
QFX10000-30C-LFIB,0.0
QFX10000-36Q,0.0
QFX10000-36Q-LFIB,0.0
QFX10000-60S-6Q,0.0
QFX10000-60S-LFIB,0.0
QFX10000-PWR-AC,0.0
QFX10000-PWR-DC,0.0
QFX10000-RE,0.0
QFX10002-36Q,0.0
QFX10002-36Q-AFL,0.0
QFX10002-36Q-CHAS,0.0
QFX10002-36Q-DC,0.0
QFX10002-36Q-LFIB,0.0
QFX10002-36Q-PFL,0.0
QFX10002-36Q-T,0.0
QFX10002-36Q-XLFIB,0.0
QFX10002-60C,0.0
QFX10002-60C-AFL,0.0
QFX10002-60C-LFIB,0.0
QFX10002-60C-PFL,0.0
QFX10002-72Q,0.0
QFX10002-72Q-AFL,0.0
QFX10002-72Q-CHAS,0.0
QFX10002-72Q-DC,0.0
QFX10002-72Q-LFIB,0.0
QFX10002-72Q-PFL,0.0
QFX10002-72Q-T,0.0
QFX10002-72Q-XLFIB,0.0
QFX10002-FAN,0.0
QFX10008-AFL,0.0
QFX10008-BASE,0.0
QFX10008-CHAS,0.0
QFX10008-FAN,0.0
QFX10008-FAN-CTRL,0.0
QFX10008-PFL,0.0
QFX10008-REDUND,0.0
QFX10008-REDUND-DC,0.0
QFX10008-REDUND-T,0.0
QFX10008-SF,0.0
QFX10016-AFL,0.0
QFX10016-CHAS,0.0
QFX10016-FAN,0.0
QFX10016-FAN-CTRL,0.0
QFX10016-PFL,0.0
QFX10016-REDUND,0.0
QFX10016-REDUND-T,0.0
QFX10016-SF,0.0
QFX10K-C1-JFS-1,0.0
QFX10K-C1-JFS-4,0.0
QFX10K-C1-JFS-8,0.0
QFX3008-CHASA-AC1,0.0
QFX3008-CHASA-BASE,0.0
QFX3008-SF16Q,0.0
QFX3008-SR1,0.0
QFX3100-2RU,0.0
QFX3100-FANA,0.0
QFX3100-GBE-ACR,0.0
QFX3100-GBE-SFPACR,0.0
QFX3100-HDD-2TB,0.0
QFX3100-NM-4GE-SFP,0.0
QFX3100-PWRAC-560A,0.0
QFX3500-48S4Q,0.0
QFX3500-48S4Q-ACR,0.0
QFX3500-48S4Q-ACRB,0.0
QFX3500-48S4Q-AFI,0.0
QFX3500-48S4Q-AFO,0.0
QFX3500-48S4Q-AFOS,0.0
QFX3500-48S4QACR-F,0.0
QFX3500-48S4QACRBF,0.0
QFX3500-FAN-AFO,0.0
QFX3500-FANAI,0.0
QFX3500-MB,0.0
QFX3500-MB-RJ45AFO,0.0
QFX3500-MB-SFP-AFI,0.0
QFX3500-MB-SFP-AFO,0.0
QFX3500-RB-ACRB,0.0
QFX3500-RB-ACRB-F,0.0
QFX3500-RB-AFOS,0.0
QFX3600-16Q-ACR,0.0
QFX3600-16Q-AFIS,0.0
QFX3600-16Q-AFOS,0.0
QFX3600-I-16Q-ACRB,0.0
QFX3600-I-16Q-AFO,0.0
QFX5000-35-JAS,0.0
QFX5000-35-JBS,0.0
QFX5000-35-JPS,0.0
QFX5100-24Q-3AFI,0.0
QFX5100-24Q-3AFI-T,0.0
QFX5100-24Q-3AFO,0.0
QFX5100-24Q-3AFO-T,0.0
QFX5100-24Q-AA-AFI,0.0
QFX5100-24Q-AA-AFO,0.0
QFX5100-24Q-AFI,0.0
QFX5100-24Q-AFO,0.0
QFX5100-24Q-D-3AFI,0.0
QFX5100-24Q-D-3AFO,0.0
QFX5100-24Q-DC-AFO,0.0
QFX5100-48S-3AFI,0.0
QFX5100-48S-3AFI-T,0.0
QFX5100-48S-3AFO,0.0
QFX5100-48S-3AFO-T,0.0
QFX5100-48S-AFI,0.0
QFX5100-48S-AFO,0.0
QFX5100-48S-D-3AFI,0.0
QFX5100-48S-D-3AFO,0.0
QFX5100-48S-DC-AFI,0.0
QFX5100-48S-DC-AFO,0.0
QFX5100-48T-AFI,0.0
QFX5100-48T-AFI-T,0.0
QFX5100-48T-AFO,0.0
QFX5100-48T-AFO-T,0.0
QFX5100-48T-DC-AFI,0.0
QFX5100-48T-DC-AFO,0.0
QFX5100-96S-AFI,0.0
QFX5100-96S-AFI-T,0.0
QFX5100-96S-AFO,0.0
QFX5100-96S-AFO-T,0.0
QFX5100-96S-DC-AFI,0.0
QFX5100-96S-DC-AFO,0.0
QFX5100-96S-FANAFI,0.0
QFX5100-96S-FANAFO,0.0
QFX5100-FAN-AFI,0.0
QFX5100-FAN-AFO,0.0
QFX5100-HDNSE-LIC,0.0
QFX5110-32Q-AFI,0.0
QFX5110-32Q-AFO,0.0
QFX5110-32Q-CHAS,0.0
QFX5110-32Q-DC-AFO,0.0
QFX5110-48S-AFI,0.0
QFX5110-48S-AFO,0.0
QFX5110-48S-AFO-T,0.0
QFX5110-48S-DC-AFI,0.0
QFX5110-48S-DC-AFO,0.0
QFX5110-FANAFO,0.0
QFX5200-32C-AFI,0.0
QFX5200-32C-AFO,0.0
QFX5200-32C-DC-AFO,0.0
QFX5200-48Y-AFI,0.0
QFX5200-48Y-AFO,0.0
QFX5200-48Y-CHAS,0.0
QFX5200-48Y-DC-AFI,0.0
QFX5200-48Y-DC-AFO,0.0
QFX5210-64C-AFI,0.0
QFX5210-64C-AFO,0.0
QFX5K-C1-AFL,0.0
QFX5K-C1-PFL,0.0
QFX5K-C2-PFL,0.0
QFXC01-PWRACI-650A,0.0
QFXC08-ACTRAY-C19,0.0
QFXC08-CB4S,0.0
QFXC08-CHASA,0.0
QFXC08-FANB,0.0
QFXC08-FANS,0.0
QFXC08-FANT,0.0
QFXC08-PWRAC-4000,0.0
QSFP-100G-LR4-T2,0.0
QSFP-100GBASE-LR4,0.0
QSFP-100GBASE-SR4,0.0
QSFPP-40G-LX4,0.0
QSFPP-40GBASE-ER4,0.0
QSFPP-40GBASE-LR4,0.0
QSFPP-40GBASE-SR4,0.0
QSFPP-4X10GD-LR,0.0
QSFPP-4X10GE-LR,0.0
QSFPP-4X10GE-SR,0.0
RE-400-768-BB,0.0
RE-400-768-R,0.0
RE-400-768-S,0.0
RE-400-768-WW-S,0.0
RE-850-1536-BB,0.0
RE-A-1000-2048-BB,0.0
RE-A-1000-2048-R,0.0
RE-A-1000-2048-S,0.0
RE-A-1800X2-16G-R,0.0
RE-A-1800X2-16G-S,0.0
RE-A-2000-4096-BB,0.0
RE-A-2000-4096-R,0.0
RE-A-2000-4096-S,0.0
RE-B-1800X1-4G-BB,0.0
RE-B-1800X1-4G-R,0.0
RE-B-1800X1-4G-S,0.0
RE-DUO-C1800-16G-R,0.0
RE-DUO-C1800-16G-S,0.0
RE-DUO-C1800-8G-BB,0.0
RE-DUO-C1800-8G-R,0.0
RE-DUO-C1800-8G-S,0.0
RE-DUO-C2600-16G-R,0.0
RE-DUO-C2600-16G-S,0.0
RE-MX2000-1800X4-R,0.0
RE-MX2000-1800X4-S,0.0
RE-MX2K-1800X4-BB,0.0
RE-MX2K-1800X4WW-S,0.0
RE-MX2K-1800X4WWBB,0.0
RE-PTX-X8-64G-BB,0.0
RE-PTX-X8-64G-R,0.0
RE-PTX-X8-64G-S,0.0
RE-S-1300-2048-BB,0.0
RE-S-1300-2048-R,0.0
RE-S-1300-2048-S,0.0
RE-S-1300-2048WW-S,0.0
RE-S-1800X2-16G-R,0.0
RE-S-1800X2-16G-S,0.0
RE-S-1800X2-8G-R,0.0
RE-S-1800X2-8G-S,0.0
RE-S-1800X2-8GWW-S,0.0
RE-S-1800X216GWW-S,0.0
RE-S-1800X28GUPGBB,0.0
RE-S-1800X4-16G-BB,0.0
RE-S-1800X4-16G-R,0.0
RE-S-1800X4-16G-S,0.0
RE-S-1800X4-32G-BB,0.0
RE-S-1800X4-32G-R,0.0
RE-S-1800X4-32G-S,0.0
RE-S-1800X4-32G-UB,0.0
RE-S-1800X4-32G-WS,0.0
RE-S-1800X4-8G-R,0.0
RE-S-1800X4-8G-S,0.0
RE-S-1800X416GWW-S,0.0
RE-S-1800X48GUPGBB,0.0
RE-S-2000-4096-BB,0.0
RE-S-2000-4096-R,0.0
RE-S-2000-4096-S,0.0
RE-S-2000-4096WW-S,0.0
RE-S-20004096UPGBB,0.0
RE-S-MX104-BB,0.0
RE-S-MX104-R,0.0
RE-S-MX104-S,0.0
RE-S-MX104-WW-BB,0.0
RE-S-MX104-WW-R,0.0
RE-S-MX104-WW-S,0.0
RE-S-X6-64G-BB,0.0
RE-S-X6-64G-R,0.0
RE-S-X6-64G-S,0.0
RE-S-X6-64G-UB,0.0
RE-S1800X216GUPGBB,0.0
RE-S1800X416GUPGBB,0.0
REMX2008-X8-64G-BB,0.0
REMX2008-X8-64G-S,0.0
REMX2K-1800-32G-BB,0.0
REMX2K-1800-32G-S,0.0
REMX2K-1800-32G-WB,0.0
REMX2K-1800-32G-WS,0.0
REMX2K-X8-64G-BB,0.0
REMX2K-X8-64G-S,0.0
RFANTRAY-M120-S,0.0
RX-70KM-SFP,0.0
S-ACCT,0.0
S-ACCT-5M,0.0
S-ACCT-JFLOW-IN,0.0
S-ADV-URLDNSF-30,0.0
S-APAW-32K,0.0
S-APAW-64K,0.0
S-APAW-96K,0.0
S-BB-GX,0.0
S-BB-GY,0.0
S-BB-NASREQ,0.0
S-ES,0.0
S-ES-2K,0.0
S-ES-NPU,0.0
S-ES-NPU-SX,0.0
S-FPC3-1H-BW-UP,0.0
S-FPC3-1H-SCA-UP,0.0
S-FPC3-1T-SCA-UP,0.0
S-FPC3-2H-IR-BW-UP,0.0
S-FPC3-2H-SCA-UP,0.0
S-FPC3-2T-SCA-UP,0.0
S-FPC3-3H-SCA-UP,0.0
S-FPC3-3T-SCA-UP,0.0
S-FW-NPU,0.0
S-IDS-NPU,0.0
S-IVM-CH-MX2010,0.0
S-IVM-CH-MX2020,0.0
S-IVM-CH-MX240,0.0
S-IVM-CH-MX5-104,0.0
S-IVM-CH-MX960,0.0
S-JFLOW-CH-MX2008,0.0
S-JFLOW-CH-MX2010,0.0
S-JFLOW-CH-MX2020,0.0
S-JFLOW-CH-MX240,0.0
S-JFLOW-CH-MX480,0.0
S-JFLOW-CH-MX5-104,0.0
S-JFLOW-CH-MX960,0.0
S-JFLOW-CH-PTX1K,0.0
S-JFLOW-CH-PTX3K,0.0
S-JFLOW-CH-PTX5K,0.0
S-JFLOW-NPU,0.0
S-LC1101-SCA,0.0
S-LC1101H-SCA,0.0
S-LC1102-SCA,0.0
S-LC1102H-SCA,0.0
S-LSSL-256,0.0
S-LSSL-4,0.0
S-LSSL-64,0.0
S-MACSEC-MPC7E-10G,0.0
S-MPC-3D-PQ-ADV-R,0.0
S-MPC-3D-PVQ,0.0
S-MPC-3D-VQ-ADV-R,0.0
S-MPC3E-3D-ADV-R,0.0
S-MPC4E-3D-ADV-IR,0.0
S-MPC4E-3D-ADV-R,0.0
S-MPC5E-ADV-IR,0.0
S-MPC5E-ADV-R,0.0
S-MPC5E-OPT-LIC,0.0
S-MPC5EQ-ADV-IR,0.0
S-MPC5EQ-ADV-R,0.0
S-MPC6E-ADV-IR,0.0
S-MPC6E-ADV-R,0.0
S-MPC7E-10G-IR,0.0
S-MPC7E-10G-IR-SX,0.0
S-MPC7E-10G-R,0.0
S-MPC7E-10G-R-SX,0.0
S-MPC7E-10G-RTU-IR,0.0
S-MPC7E-10G-RTU-R,0.0
S-MPC7E-MR-ADD1,0.0
S-MPC7E-MR-RTU-IR,0.0
S-MPC7E-MR-RTU-R,0.0
S-MPC7E-MRATE-IR,0.0
S-MPC7E-MRATE-R,0.0
S-MPC7E-PVQ,0.0
S-MPC7EQ-10G,0.0
S-MPC7EQ-10G-IR,0.0
S-MPC7EQ-10G-R,0.0
S-MPC7EQ-MRATE,0.0
S-MPC7EQ-MRATE-IR,0.0
S-MPC7EQ-MRATE-R,0.0
S-MPC8E-1600G,0.0
S-MPC8E-IR,0.0
S-MPC8E-IR-1600G,0.0
S-MPC8E-PVQ,0.0
S-MPC8E-R,0.0
S-MPC8E-R-1600G,0.0
S-MPC9E-ADD4,0.0
S-MPC9E-IR,0.0
S-MPC9E-PVQ,0.0
S-MPC9E-R,0.0
S-MPC9EQ,0.0
S-MPC9EQ-IR,0.0
S-MPC9EQ-R,0.0
S-MPCE-NG-ADV-IR,0.0
S-MPCE-NG-ADV-R,0.0
S-MPLSV-D-50,0.0
S-MPLSV-D-50-L,0.0
S-MPLSV-D-500,0.0
S-MPLSV-P-500-L,0.0
S-MPLSV-SD-50,0.0
S-MX-AD-FUSION-LIC,0.0
S-MX-SAT-EX4300,0.0
S-MX-SAT-QFX5100,0.0
S-MX10K-LC2101-IR,0.0
S-MX10K-LC2101-R,0.0
S-MX10K3-LC2103-IR,0.0
S-MX10K3-LC2103-R,0.0
S-MX150-IR,0.0
S-MX150-R,0.0
S-MX204-IR,0.0
S-MX204-R,0.0
S-NAT,0.0
S-NAT-IN-MX2020,0.0
S-NAT-IN-MX240,0.0
S-NAT-IN-MX480,0.0
S-NAT-IN-MX5-104,0.0
S-NAT-IN-MX960,0.0
S-NAT-NPU,0.0
S-P1-24-10G-T-OTN,0.0
S-PTX1K-18Q-SCA-UP,0.0
S-PTX1K-72Q-SCA-UP,0.0
S-PTX1K-UPG-18Q,0.0
S-PTX1K-UPG-18Q-R,0.0
S-SFW,0.0
S-VCR,0.0
SA2500,0.0
SAS1TBHDD7K,0.0
SAS900HDD10K,0.0
SBR-CAR-AAA,0.0
SBR-CAR-AAA-LAB,0.0
SBR-CAR-AAA-LX,0.0
SBR-CAR-AAA-LX-LAB,0.0
SBR-CAR-ADD-100K,0.0
SBR-CAR-ADD-1M,0.0
SBR-CAR-ADD-250K,0.0
SBR-CAR-ADD-500K,0.0
SBR-CAR-ADD-50K,0.0
SBR-CAR-DIA,0.0
SBR-CAR-DIA-LAB,0.0
SBR-CAR-JSC,0.0
SBR-CAR-JSC-LAB,0.0
SBR-CAR-SCM,0.0
SBR-CAR-SIM-LAB,0.0
SBR-CAR-TPS-500,0.0
SBR-HLR-SIG,0.0
SBR-SSR-EXP,0.0
SBR-SSR-LIMITED,0.0
SBR-SSR-MNGMT,0.0
SBR-SSR-START,0.0
SCB-MX960-BB,0.0
SCB-MX960-R,0.0
SCB-MX960-S,0.0
SCBE-MX-BB,0.0
SCBE-MX-R,0.0
SCBE-MX-S,0.0
SCBE2-MX-BB,0.0
SCBE2-MX-R,0.0
SCBE2-MX-S,0.0
SCG-T,0.0
SCG-T-BB,0.0
SCG-T-EC-BB,0.0
SCG-T-EC-R,0.0
SCG-T-EC-S,0.0
SFP-1FE-FX,0.0
SFP-1GE-FE-E-T,0.0
SFP-1GE-LH,0.0
SFP-1GE-LX,0.0
SFP-1GE-SX,0.0
SFP-1GE-T,0.0
SFP-1OC48-IR,0.0
SFP-1OC48-LR,0.0
SFP-1OC48-SR,0.0
SFP-GE10KT13R14,0.0
SFP-GE10KT13R15,0.0
SFP-GE10KT14R13,0.0
SFP-GE40KM,0.0
SFP-OC12-IR,0.0
SFP-OC12-SR,0.0
SFP-OC3-IR,0.0
SFP-OC3-LR,0.0
SFPP-10G-CT50-ZR,0.0
SFPP-10G-DT-ZRC2,0.0
SFPP-10G-ZR-OTN-XT,0.0
SFPP-10GE-ER,0.0
SFPP-10GE-ER-XT,0.0
SFPP-10GE-LR,0.0
SFPP-10GE-LRM,0.0
SFPP-10GE-SR,0.0
SFPP-10GE-ZR,0.0
SIB-4-TX,0.0
SIB-4-TX-S,0.0
SIB-I-PTX5008,0.0
SIB-I-PTX5008-S,0.0
SIB-I-T1600,0.0
SIB-I-T1600-S,0.0
SIB-I-T4000,0.0
SIB-I-T4000-S,0.0
SIB-I-T640,0.0
SIB-I-T640-B,0.0
SIB-I-T640-B-S,0.0
SIB-I-T640-S,0.0
SIB-M-BB,0.0
SIB-SFF-PTX-240-BB,0.0
SIB-SFF-PTX-240-S,0.0
SIB-TX-T640,0.0
SIB-TX-T640-S,0.0
SIB-TXP-3D-F13,0.0
SIB-TXP-3D-F13-S,0.0
SIB-TXP-3D-F2S,0.0
SIB-TXP-3D-F2S-S,0.0
SIB-TXP-3D-LCC,0.0
SIB-TXP-3D-LCC-S,0.0
SIB-TXP-F13,0.0
SIB-TXP-F13-S,0.0
SIB-TXP-F2S,0.0
SIB-TXP-T1600,0.0
SIB-TXP-T1600-S,0.0
SIB2-I-PTX5K-BB,0.0
SIB2-I-PTX5K-S,0.0
SIB3-PTX5K-BB,0.0
SIB3-PTX5K-S,0.0
SIB3-SFF-PTX-BB,0.0
SPC1500-A-BSE,0.0
SRC-COA-LIC,0.0
SRC-CXKSG-LIC,0.0
SRC-PE-GY,0.0
SRC-PE-SW-VSRC,0.0
SRC-PE100K-LIC,0.0
SRC-PE500K-LIC,0.0
SRC-PE50K-LIC,0.0
SRC-VTA-APP,0.0
SRP_I/O,0.0
SRX-CFP-100G-LR4,0.0
SRX-GP-16GE,0.0
SRX-GP-16GE-POE,0.0
SRX-GP-1DS3-E3,0.0
SRX-GP-24GE,0.0
SRX-GP-24GE-POE,0.0
SRX-GP-2XE-SFPP-TX,0.0
SRX-GP-8SERIAL,0.0
SRX-GP-8SFP,0.0
SRX-GP-QUAD-T1-E1,0.0
SRX-IOC-16GE-SFP,0.0
SRX-IOC-16GE-TX,0.0
SRX-IOC-4XGE-XFP,0.0
SRX-MIC-10XG-BB,0.0
SRX-MIC-10XG-R,0.0
SRX-MIC-10XG-SFPP,0.0
SRX-MIC-20GE-SFP,0.0
SRX-MIC-20GE-SFP-R,0.0
SRX-MIC-2X40G-QSFP,0.0
SRX-MP-1ADSL2-A,0.0
SRX-MP-1SERIAL,0.0
SRX-MP-1SERIAL-R,0.0
SRX-MP-1SFP-GE,0.0
SRX-MP-1T1E1,0.0
SRX-MP-1T1E1-R,0.0
SRX-MP-1VDSL2-A,0.0
SRX-MP-1VDSL2-R,0.0
SRX-MP-8GSHDSL,0.0
SRX-MP-LTE-AA,0.0
SRX-MP-LTE-AE,0.0
SRX-QSFP-40G-LR4,0.0
SRX-QSFP-40G-SR4,0.0
SRX-RA1-10,0.0
SRX-RA1-100,0.0
SRX-RA1-150,0.0
SRX-RA1-25,0.0
SRX-RA1-250,0.0
SRX-RA1-5,0.0
SRX-RA1-50,0.0
SRX-RA1-500,0.0
SRX-SFP-10GE-DAC3M,0.0
SRX-SFP-10GE-SR,0.0
SRX-SFP-1GE-LH,0.0
SRX-SFP-1GE-LH-ET,0.0
SRX-SFP-1GE-LX,0.0
SRX-SFP-1GE-LX-ET,0.0
SRX-SFP-1GE-SX,0.0
SRX-SFP-1GE-T,0.0
SRX-SFPP-10G-LR,0.0
SRX-SFPP-10G-SR-ET,0.0
SRX-XFP-10GE-LR,0.0
SRX-XFP-10GE-SR,0.0
SRX-XFP-10GE-SR-ET,0.0
SRX100B,0.0
SRX100H,0.0
SRX100H2,0.0
SRX110H-VA,0.0
SRX110H2-VA,0.0
SRX110H2-VB,0.0
SRX1400-CHAS,0.0
SRX1400-FAN,0.0
SRX1400BASE-GE-AC,0.0
SRX1400BASE-GE-DC,0.0
SRX1400BASE-XGE-AC,0.0
SRX1400BASE-XGE-DC,0.0
SRX1500-AC,0.0
SRX1500-CHAS,0.0
SRX1500-DC,0.0
SRX1500-JSE,0.0
SRX1500-SYS-JB-AC,0.0
SRX1500-SYS-JB-DC,0.0
SRX1500-SYS-JE-AC,0.0
SRX1500-SYS-JE-DC,0.0
SRX1K-NPCSPC110-40,0.0
SRX1K-PWR-AC,0.0
SRX1K-PWR-DC,0.0
SRX1K-RE-12-10,0.0
SRX1K-SYSIO-GE,0.0
SRX1K-SYSIO-XGE,0.0
SRX1K3K-NP2XGESFPP,0.0
SRX210B,0.0
SRX210BE,0.0
SRX210H,0.0
SRX210H-POE,0.0
SRX210HE,0.0
SRX210HE-POE,0.0
SRX210HE-TAA,0.0
SRX210HE2,0.0
SRX210HE2-POE,0.0
SRX210HE2-POE-TAA,0.0
SRX210HE2-TAA,0.0
SRX220H,0.0
SRX220H-POE,0.0
SRX220H2,0.0
SRX220H2-POE,0.0
SRX240B,0.0
SRX240H,0.0
SRX240H-DC,0.0
SRX240H-POE,0.0
SRX240H-POE-TAA,0.0
SRX240H-TAA,0.0
SRX240H2,0.0
SRX240H2-DC,0.0
SRX240H2-DC-TAA,0.0
SRX240H2-POE,0.0
SRX240H2-POE-TAA,0.0
SRX240H2-TAA,0.0
SRX300,0.0
SRX300-JSB,0.0
SRX300-JSB-L,0.0
SRX300-JSE,0.0
SRX300-PWR-60W,0.0
SRX300-SYS-JB,0.0
SRX300-SYS-JE,0.0
SRX320,0.0
SRX320-JSB,0.0
SRX320-JSB-L,0.0
SRX320-JSE,0.0
SRX320-POE,0.0
SRX320-SYS-JB,0.0
SRX320-SYS-JB-P,0.0
SRX320-SYS-JE,0.0
SRX320-SYS-JE-P,0.0
SRX320-TAA,0.0
SRX340,0.0
SRX340-JSB,0.0
SRX340-JSE,0.0
SRX340-SYS-JB,0.0
SRX340-SYS-JE,0.0
SRX340-TAA,0.0
SRX3400-CHAS,0.0
SRX3400-FAN,0.0
SRX3400BASE-AC,0.0
SRX3400BASE-DC2,0.0
SRX345,0.0
SRX345-DUAL-AC,0.0
SRX345-JSB,0.0
SRX345-JSE,0.0
SRX345-SYS-JB,0.0
SRX345-SYS-JB-2AC,0.0
SRX345-SYS-JB-DC,0.0
SRX345-SYS-JE,0.0
SRX345-SYS-JE-2AC,0.0
SRX345-SYS-JE-DC,0.0
SRX3600-CHAS,0.0
SRX3600-FAN,0.0
SRX3600BASE-AC,0.0
SRX3600BASE-DC2,0.0
SRX3K-16GE-SFP,0.0
SRX3K-16GE-TX,0.0
SRX3K-2XGE-XFP,0.0
SRX3K-CRM,0.0
SRX3K-NPC,0.0
SRX3K-PWR-AC,0.0
SRX3K-PWR-DC,0.0
SRX3K-PWR-DC2,0.0
SRX3K-RE-12-10,0.0
SRX3K-SFB-12GE,0.0
SRX3K-SPC-1-10-40,0.0
SRX4100-AC,0.0
SRX4100-CHAS,0.0
SRX4100-JSB,0.0
SRX4100-JSE,0.0
SRX4100-SYS-JB-AC,0.0
SRX4100-SYS-JB-DC,0.0
SRX4100-SYS-JE-AC,0.0
SRX4100-SYS-JE-DC,0.0
SRX4200-AC,0.0
SRX4200-CHAS,0.0
SRX4200-FAN,0.0
SRX4200-JSB,0.0
SRX4200-JSE,0.0
SRX4200-SYS-JB-AC,0.0
SRX4200-SYS-JB-DC,0.0
SRX4200-SYS-JE-AC,0.0
SRX4200-SYS-JE-DC,0.0
SRX4600-AC,0.0
SRX4600-AC-TAA,0.0
SRX5400-CHAS,0.0
SRX5400-CRAFT,0.0
SRX5400-FAN,0.0
SRX5400-FAN-BB,0.0
SRX5400B2-AC,0.0
SRX5400BB-AC,0.0
SRX5400BB-DC,0.0
SRX5400E-B1-AC,0.0
SRX5400E-B1-AC-TAA,0.0
SRX5400E-B1-DC,0.0
SRX5400E-B2-AC,0.0
SRX5400E-B2-DC,0.0
SRX5400E-B5-AC-BB,0.0
SRX5400X-B1,0.0
SRX5400X-B2,0.0
SRX5400X-B3,0.0
SRX5400X-B5-AC-BB,0.0
SRX5400X-B5-DC-BB,0.0
SRX5400X-B6-AC-BB,0.0
SRX5400X-B6-DC-BB,0.0
SRX5400X-CHAS,0.0
SRX5400X-CHAS-BB,0.0
SRX550-645AP,0.0
SRX550-645AP-M,0.0
SRX550-645AP-M-TAA,0.0
SRX550-645AP-TAA,0.0
SRX550-645DP,0.0
SRX550-645DP-M,0.0
SRX550-645DP-M-TAA,0.0
SRX550-645DP-TAA,0.0
SRX550-CHAS,0.0
SRX550-CHAS-M,0.0
SRX550-M-SYS-JE-AC,0.0
SRX550-M-SYS-JE-DC,0.0
SRX5600-B1-AC-TAA,0.0
SRX5600-CHAS,0.0
SRX5600-HC-FAN,0.0
SRX5600-HPWR-AC-BB,0.0
SRX5600-HPWR-AC-R,0.0
SRX5600-HPWR-DC-BB,0.0
SRX5600-HPWR-DC-R,0.0
SRX5600-PS2400DC-S,0.0
SRX5600-PS2520AC-S,0.0
SRX5600-PWR-AC,0.0
SRX5600BASE-AC,0.0
SRX5600BASE-HC-AC,0.0
SRX5600BASE-HC-DC,0.0
SRX5600E-B1-AC-TAA,0.0
SRX5600E-BASE-AC,0.0
SRX5600E-BASE-DC,0.0
SRX5600X-BASE,0.0
SRX5600X-CHAS,0.0
SRX5600X-CHAS-BB,0.0
SRX5800-CHAS,0.0
SRX5800-CRAFT,0.0
SRX5800-FAN,0.0
SRX5800-HC-FAN,0.0
SRX5800-HC-FAN-BB,0.0
SRX5800-HPWR-AC-BB,0.0
SRX5800-HPWR-AC-R,0.0
SRX5800-HPWR-DC-BB,0.0
SRX5800-HPWR-DC-R,0.0
SRX5800-PWR-AC,0.0
SRX5800-PWR-DC,0.0
SRX5800-PWR4100-AC,0.0
SRX5800-PWR4100DCS,0.0
SRX5800BASE-AC,0.0
SRX5800BASE-HC-AC,0.0
SRX5800BASE-HC-DC,0.0
SRX5800E-B1-AC-TAA,0.0
SRX5800E-BASE-AC,0.0
SRX5800E-BASE-DC,0.0
SRX5800X-BASE,0.0
SRX5800X-CHAS-BB,0.0
SRX5K-40GE-SFP,0.0
SRX5K-4XGE-XFP,0.0
SRX5K-FPC-IOC,0.0
SRX5K-MPC,0.0
SRX5K-MPC-BB,0.0
SRX5K-MPC-R,0.0
SRX5K-MPC3-100G-R,0.0
SRX5K-MPC3-100G10G,0.0
SRX5K-MPC3-40G-BB,0.0
SRX5K-MPC3-40G-R,0.0
SRX5K-MPC3-40G10G,0.0
SRX5K-RE-13-20,0.0
SRX5K-RE-1800X4,0.0
SRX5K-RE-1800X4-BB,0.0
SRX5K-RE-1800X4-R,0.0
SRX5K-SCB,0.0
SRX5K-SCB3,0.0
SRX5K-SCB3-BB,0.0
SRX5K-SCB3-R,0.0
SRX5K-SCBE,0.0
SRX5K-SPC-2-10-40,0.0
SRX5K-SPC-4-15-320,0.0
SRX5K-SPC-4-15-BB,0.0
SRX5K-SPC-4-15-R,0.0
SRX600-PWR645ACPOE,0.0
SRX600-PWR645DCPOE,0.0
SRX600-SRE6H,0.0
SRX650-BSSRE6-45DP,0.0
SRX650-BSSRE6645AP,0.0
SRX650-CHAS,0.0
SRX650-FAN-01,0.0
SRX650BSRE6645AP-T,0.0
SSG-140-SB,0.0
SSG-140-SH,0.0
SSG-20-SB,0.0
SSG-20-SH,0.0
SSG-20-SH-W-E,0.0
SSG-20-SH-W-US,0.0
SSG-320M-SB,0.0
SSG-320M-SH,0.0
SSG-350M-SB,0.0
SSG-350M-SH,0.0
SSG-5-SB,0.0
SSG-5-SB-10U,0.0
SSG-5-SB-W-E,0.0
SSG-5-SB-W-US,0.0
SSG-5-SH,0.0
SSG-5-SH-BT,0.0
SSG-5-SH-M,0.0
SSG-5-SH-MW-US,0.0
SSG-5-SH-W-E,0.0
SSG-5-SH-W-US,0.0
SSG-520M-SH,0.0
SSG-520M-SH-N-TAA,0.0
SSG-550M-SH,0.0
SSG-550M-SH-DC,0.0
SSG-550M-SH-N-TAA,0.0
SSG-PS-AC,0.0
SSG350M-SH-DC-N-T,0.0
SSG520M-SH-DC-N-T,0.0
SSG550M-SH-DC-N-T,0.0
STRM2500-LM-A1250E,0.0
STRM2500A1250E25KF,0.0
STRM5K-LM-AEP2500E,0.0
STRMV-AIO-ADD-300E,0.0
STRMV-AIO-LM-A300E,0.0
STRMV-AIO100E-10KF,0.0
STRMV-AIOLM100E-BS,0.0
T-PC4CHOC12STM4IQE,0.0
T-PWR-10KWWYEAC-BB,0.0
T-REDUOC1800-8GW-S,0.0
T-REDUOC180016G-BB,0.0
T-REDUOC180016GW-S,0.0
T1600-FPC4-ES,0.0
T1600-PWR3-80-DC-S,0.0
T1600-PWR3-80DC-BB,0.0
T1600-PWR4-60DC-BB,0.0
T1600-RED-BNDL,0.0
T1600BASE-DC,0.0
T1600BASE-RED-BNDL,0.0
T320-FPC1-E2,0.0
T320-FPC3-E2,0.0
T4000-FPC5-3D,0.0
T4000-FPC5-LSR,0.0
T4000BASE,0.0
T4000BASE-RED-BNDL,0.0
T4K-RED-BNDL,0.0
T640-FPC1-E2,0.0
T640-FPC1-ES,0.0
T640-FPC2-ES,0.0
T640-FPC3-ES,0.0
T640-FPC4-1P-ES,0.0
T640BASE,0.0
TCA6500-DC,0.0
TCA8000-OCXO-AC,0.0
TCA8500-RB-DC,0.0
TCFP2-100G-C,0.0
TCX1000-RDM20-DC,0.0
TX-REDUOC260016GBB,0.0
TX-REDUOC260016GWS,0.0
TXP-FAN-R-3DLCC-BB,0.0
TXP3D-2LCC-BNDL,0.0
TXP3D-LCC-RED-BNDL,0.0
TXPBASE-DC,0.0
UNIV-1TB-SAS-HDD,0.0
UNIV-250W-PS-AC,0.0
UNIV-560W-PS-DC,0.0
UNIV-750W-PS-AC,0.0
VZ-AERMX960MDL-A,0.0
WLA321-IL,0.0
WLA321-US,0.0
WLA321-WW,0.0
WLA322-IL,0.0
WLA322-US,0.0
WLA322-WW,0.0
WLA422B,0.0
WLA432,0.0
WLA522,0.0
WLA522-US,0.0
WLA522-WW,0.0
WLA522E,0.0
WLA522E-WW,0.0
WLA532-IL,0.0
WLA532-US,0.0
WLA532-WW,0.0
WLA532E-US,0.0
WLA532E-WW,0.0
WLA632-WW,0.0
WLC-SPECTRUM-U16,0.0
WLC-SPECTRUM-U32,0.0
WLC-SPECTRUM-U4,0.0
WLC100,0.0
WLC100-HA,0.0
WLC100-U4,0.0
WLC200R,0.0
WLC2800,0.0
WLC2800-HA-RTU,0.0
WLC2800-U128,0.0
WLC2800-U64,0.0
WLC2800-VO-RTU,0.0
WLC2XX-U32,0.0
WLC8,0.0
WLC800-HA-RTU,0.0
WLC800-U16,0.0
WLC800-U32,0.0
WLC800R,0.0
WLC880-HA-RTU,0.0
WLC880-U16,0.0
WLC880-U32,0.0
WLC880R,0.0
WLC8R,0.0
WLM-RMTS,0.0
WLM-RMTS-10,0.0
WLM-RMTS-100,0.0
WLM-RMTS-1000,0.0
WLM-RMTS-250,0.0
WLM-RMTS-50,0.0
WLM-RMTS-500,0.0
WLM-RMTS-AGENT,0.0
WLM-RMTS-PLAN,0.0
WLM-RMTS-USM-BASIC,0.0
WLM-SP-GA-100,0.0
WLM-SP-GA-50,0.0
WLM-SP-GA-500,0.0
WLM-SP-GA-BASE,0.0
WLM-SP-SECURITY,0.0
WLM-SP-SM-100,0.0
WLM-SP-SM-2500,0.0
WLM-SP-SM-50,0.0
WLM1200-RMTS,0.0
WXC-1800-A,0.0
WXC-2600-A,0.0
WXC-3400-A,0.0
XENPAK-1XGE-LR,0.0
XENPAK-1XGE-SR,0.0
XFP-10G-CBANDT50ZR,0.0
XFP-10G-E-OC192IR2,0.0
XFP-10G-L-OC192SR1,0.0
XFP-10G-S,0.0
XFP-10G-Z-OC192LR2,0.0
XFP-10GE-LR,0.0
XFP-10GE-SR,0.0
Lifespan(days),0.0
